Feature,Global_Importance
avg_word_length,0.2802886252532946
tfidf_700,0.21194271903953782
entropy,0.19023854354008107
tfidf_618,0.18051994464700924
tfidf_1366,0.17134605276959056
repeat_word_ratio,0.16420466319801644
exclamation_freq,0.1574182942587392
type_token_ratio,0.14764845391658835
tfidf_534,0.14640724114886347
comma_freq,0.13684981515533853
tfidf_625,0.13471968686686978
tfidf_328,0.12159822408735702
tfidf_574,0.1158747426536722
tfidf_777,0.10818490190219886
tfidf_138,0.10059779744421402
tfidf_1441,0.09220088724477897
tfidf_535,0.09212662326732485
digit_ratio,0.0915770222368543
tfidf_575,0.09126233629616333
tfidf_1125,0.08774916464216528
tfidf_537,0.07719124602243987
tfidf_197,0.07590554215668259
tfidf_377,0.07571288410390259
tfidf_1327,0.06804961459608354
punctuation_ratio,0.06571859121735237
tfidf_541,0.06561904738640639
tfidf_332,0.06199990644731826
tfidf_529,0.06188039351010802
tfidf_91,0.061175535882192406
stopword_ratio,0.06037515855110984
tfidf_663,0.05909110592555643
tfidf_1272,0.0586569808774153
tfidf_1200,0.05861980897912352
tfidf_1459,0.05819972579454434
tfidf_887,0.05574097379679196
tfidf_834,0.05449620601586574
tfidf_530,0.054478115614547955
tfidf_971,0.053916291025023794
uppercase_ratio,0.052998255510226494
question_freq,0.05253461910186829
period_freq,0.0520913379457457
tfidf_648,0.04758468073002187
char_count,0.0452805530931459
tfidf_1156,0.044960881752239036
tfidf_84,0.04333349190810508
tfidf_1102,0.04265750471856328
avg_sentence_length,0.04258098148832655
tfidf_28,0.04155371451469291
tfidf_264,0.041060610387683855
tfidf_1153,0.03982392432598057
tfidf_829,0.039815648001162614
tfidf_965,0.039638467397148845
tfidf_64,0.039505818844007924
tfidf_1087,0.03940702287887876
tfidf_870,0.03837483848644316
tfidf_988,0.03717883407473871
tfidf_794,0.03659458492503192
tfidf_93,0.03650672696701152
tfidf_1328,0.03464484969842418
word_count,0.034507959392977884
tfidf_1470,0.03436953430970135
tfidf_95,0.03412523343755162
tfidf_256,0.033527258146880956
tfidf_998,0.03335579025638069
tfidf_336,0.03277247681516261
tfidf_513,0.03264775500229197
tfidf_471,0.03260915587146887
tfidf_334,0.03252035939233274
tfidf_656,0.032483927642997824
tfidf_671,0.03184374329714043
tfidf_281,0.03155561760559569
tfidf_1254,0.030806780526889652
tfidf_692,0.029440385002887783
tfidf_1472,0.02930302691148602
tfidf_536,0.028855389229859703
tfidf_185,0.028329174003847983
tfidf_1265,0.027496856758382857
tfidf_958,0.02737680551110666
tfidf_630,0.026857124163960893
tfidf_1420,0.026435650348303766
tfidf_579,0.02632826725070253
tfidf_1237,0.02631659332515615
tfidf_362,0.025688836644040522
tfidf_1127,0.02550872841244922
tfidf_557,0.025298329378431423
tfidf_43,0.02507279632226731
tfidf_163,0.02476607271192123
tfidf_580,0.02473206988646678
tfidf_319,0.024540686528271138
tfidf_841,0.02452927250490818
tfidf_265,0.024518179264482704
tfidf_1247,0.024419268762162185
tfidf_1252,0.023610795443045833
tfidf_1386,0.023608982150593937
tfidf_807,0.02296152020689856
tfidf_644,0.02264992797957201
tfidf_1480,0.022614414795703544
tfidf_178,0.022607906131176105
tfidf_997,0.022522293983685982
tfidf_1355,0.02212829996601688
tfidf_533,0.0219920236426208
tfidf_62,0.021923787787098727
tfidf_318,0.021712912482553023
tfidf_532,0.02113816449901548
tfidf_414,0.020953610288298508
tfidf_266,0.020822076791986117
tfidf_372,0.020763911354857695
tfidf_102,0.020748386780828545
tfidf_1242,0.02072885116589881
tfidf_880,0.020678215181710535
tfidf_139,0.020669398034739734
tfidf_1145,0.020323484158966672
tfidf_847,0.020242877385831595
tfidf_631,0.020229147523505193
tfidf_802,0.02019567025143938
tfidf_1119,0.020121112944612565
tfidf_768,0.01994736244013987
tfidf_470,0.019758848480126392
tfidf_883,0.019284218082945337
tfidf_646,0.019256276247812353
tfidf_90,0.01910935572469089
tfidf_452,0.01889164828398983
tfidf_796,0.018708242824618217
tfidf_421,0.01865821348456436
tfidf_1220,0.018551613555259885
tfidf_338,0.01818627845770013
tfidf_195,0.018041113605011722
tfidf_1468,0.0178728582340841
tfidf_183,0.01786292649478877
tfidf_186,0.017386465605178883
tfidf_687,0.01715031718105764
tfidf_1349,0.016942901059679483
tfidf_1275,0.016802730154439168
tfidf_1284,0.016725693243139324
tfidf_1437,0.016397423092153172
tfidf_226,0.01622578999622281
tfidf_1250,0.016143929504974966
tfidf_1425,0.0159688301355894
tfidf_1332,0.015945115863917406
tfidf_758,0.01584286315346922
tfidf_1432,0.01573148492209172
tfidf_1249,0.015700290098663736
tfidf_594,0.015466257008711869
tfidf_516,0.01546032147668201
tfidf_1138,0.015454328974700381
tfidf_640,0.015347157360156634
tfidf_1391,0.015338396044282776
tfidf_608,0.01526221002977137
tfidf_788,0.014948414089533778
tfidf_386,0.014875845068615137
tfidf_1419,0.014851386081381483
tfidf_724,0.014823796070205404
tfidf_1384,0.014767869698260846
tfidf_485,0.014551608349348606
tfidf_1152,0.014363508762387742
tfidf_398,0.014326436095084697
tfidf_1290,0.014220961367557175
tfidf_714,0.014163059299721954
tfidf_155,0.01406990557707976
tfidf_1378,0.014035879463447346
tfidf_144,0.014000232270224391
tfidf_1361,0.01391813622519277
tfidf_1430,0.013856070675474815
tfidf_1292,0.01378491371414705
tfidf_808,0.01368398198919489
tfidf_634,0.013670827639099867
tfidf_376,0.013668696639293548
tfidf_897,0.013605056649599325
tfidf_58,0.013571907690912648
tfidf_947,0.013554853336227727
tfidf_1118,0.01345506403025657
tfidf_1443,0.013427649098684125
tfidf_621,0.013419895598626205
tfidf_44,0.01336457089632314
tfidf_404,0.013328681082530552
tfidf_199,0.01332484355182885
tfidf_502,0.013180651792943516
tfidf_1082,0.013130883601840945
tfidf_732,0.01311514955572889
tfidf_1187,0.01310824032665615
tfidf_217,0.013089662416704057
tfidf_1013,0.01299376285859791
tfidf_588,0.012956329234247452
tfidf_795,0.012817458357393084
tfidf_497,0.012800938429917039
tfidf_177,0.012793540459418544
tfidf_1433,0.012742419435323036
tfidf_344,0.012561378648780298
tfidf_763,0.012521883906431133
tfidf_435,0.0124446298457603
tfidf_1052,0.01244351696264467
tfidf_146,0.012427335476540569
tfidf_1185,0.01242653177850294
tfidf_453,0.012425812174647943
tfidf_1175,0.012372278955030076
tfidf_637,0.01233132060708494
tfidf_103,0.012271498768824935
tfidf_582,0.012195090841496177
tfidf_691,0.012100950045003037
tfidf_739,0.012092267910497615
tfidf_854,0.012042067336908371
tfidf_682,0.011899504840014292
tfidf_357,0.011851783231305393
tfidf_53,0.011813728367663638
tfidf_896,0.011780022071469061
tfidf_203,0.011618279656138998
tfidf_300,0.011487714063521597
tfidf_1289,0.011440828946379907
tfidf_355,0.011425364103828422
tfidf_434,0.01135825775129545
tfidf_1,0.011264144973913679
tfidf_604,0.011117679860392391
tfidf_11,0.010997834406884252
tfidf_208,0.01092837563306321
tfidf_309,0.010910270451764337
tfidf_1398,0.010883491674862012
tfidf_733,0.010874653448304454
tfidf_346,0.01082545610294859
tfidf_76,0.010781710147326758
tfidf_1282,0.010723062479119486
tfidf_1115,0.010632589309559279
tfidf_65,0.0104530714748354
tfidf_480,0.010451164437905761
tfidf_605,0.010405326301377062
tfidf_799,0.010393944926175493
tfidf_961,0.010349081405945442
tfidf_510,0.010325401041492814
tfidf_727,0.010222085196299566
tfidf_1049,0.010218745151017165
tfidf_858,0.010199327913408295
tfidf_873,0.0101985169021582
tfidf_972,0.010198498380728397
tfidf_230,0.010185112333155005
tfidf_1473,0.010127590611967087
tfidf_1261,0.01006681868722439
tfidf_54,0.010040490732855635
tfidf_666,0.01004009738732265
tfidf_459,0.00999519552741441
tfidf_761,0.00992066990782872
tfidf_787,0.00988558195457115
tfidf_1273,0.009877533654619502
tfidf_665,0.009799917886040751
tfidf_1147,0.009769668914453486
tfidf_486,0.009754011819134828
tfidf_176,0.009749248511547676
tfidf_488,0.009715419144981372
tfidf_1268,0.009677811839394947
tfidf_1058,0.00962346187143739
tfidf_507,0.009622807017288928
tfidf_903,0.009562489024659957
tfidf_152,0.009549689694073446
tfidf_148,0.009536183861592475
tfidf_314,0.009523781846695063
tfidf_1434,0.00950373157560919
tfidf_403,0.00948117658122987
tfidf_484,0.009476150011226332
tfidf_1370,0.009462945764303041
tfidf_565,0.009352555552542538
tfidf_276,0.009349945916488205
tfidf_517,0.009338882603193687
tfidf_1447,0.009333380460516613
tfidf_1259,0.009292903079801006
tfidf_1426,0.009286560259584027
tfidf_1495,0.009182566644034171
tfidf_987,0.009168251889028553
tfidf_1018,0.009150834616970936
tfidf_30,0.009133010188364233
tfidf_667,0.009094455550591555
tfidf_894,0.009083716112477937
tfidf_1397,0.009070039758004966
tfidf_1191,0.009051228727467792
tfidf_518,0.00904740231592502
tfidf_193,0.009031797491280726
tfidf_836,0.009031672465737516
tfidf_1092,0.009011569390983087
tfidf_380,0.009003829469837283
tfidf_1467,0.00895929840978993
tfidf_576,0.008923463536567457
tfidf_335,0.00891528756787739
tfidf_1478,0.008900896839294202
tfidf_483,0.008882767543935783
tfidf_1302,0.008881582147889264
tfidf_701,0.008877748025505268
tfidf_145,0.00887738613780187
tfidf_704,0.00886225459395599
tfidf_669,0.008837607171374313
tfidf_628,0.008829161891588031
tfidf_1487,0.008715684779406712
tfidf_945,0.008700727578534169
tfidf_1037,0.008634678576404606
tfidf_1161,0.008619815899089162
tfidf_1498,0.008610636380460293
tfidf_1255,0.00860975834524249
tfidf_995,0.008605607843672397
tfidf_967,0.008586170677894456
tfidf_542,0.008554936688372698
tfidf_333,0.008467727311454228
tfidf_1266,0.00837858559492449
tfidf_1396,0.008342912051114173
tfidf_844,0.008334990195522245
tfidf_587,0.008330347129075093
tfidf_674,0.00831967574377545
tfidf_97,0.008310845193164952
tfidf_272,0.008298034593048906
tfidf_1236,0.008293147215725922
tfidf_1475,0.008283413354580906
tfidf_87,0.008266740674791495
tfidf_1412,0.008263957138802128
tfidf_697,0.008135590481559494
tfidf_684,0.008135420604594554
tfidf_1168,0.008122591786207077
tfidf_1285,0.008121020085961597
tfidf_683,0.008030673062011084
tfidf_1112,0.007970407246809648
tfidf_1162,0.0079248194940784
tfidf_237,0.00790661351871203
tfidf_108,0.007881026824720984
tfidf_370,0.007879812193959638
tfidf_736,0.007866649010734326
tfidf_1010,0.007866353564915744
tfidf_735,0.007848132483740576
tfidf_1045,0.007843603579051579
tfidf_1320,0.007840301776552603
tfidf_437,0.007835533913819347
tfidf_122,0.007751144048911533
tfidf_1281,0.007733891089183705
tfidf_99,0.00772911431700332
tfidf_550,0.00772044492480744
tfidf_1457,0.0076730280403126405
tfidf_1449,0.007655975701843341
tfidf_879,0.007612922343686502
tfidf_1230,0.0075880309676886765
tfidf_1141,0.007580415197183953
tfidf_418,0.007499650905196738
tfidf_408,0.007498598961253465
tfidf_9,0.007447875640130804
tfidf_980,0.0074114318877560315
tfidf_24,0.007410255143789124
tfidf_106,0.007401185916960464
tfidf_1113,0.007397996881552033
tfidf_1435,0.007391395594831879
tfidf_767,0.007379220947798261
tfidf_1359,0.007370339033436226
tfidf_26,0.0073695016430204785
tfidf_815,0.007364898594882049
tfidf_378,0.007262003180228353
tfidf_1076,0.007259141689761673
tfidf_1485,0.007249815136488101
tfidf_158,0.0072084952994187455
tfidf_1483,0.007207499908472069
tfidf_268,0.0071980610681437
tfidf_1274,0.007153974314456839
tfidf_401,0.007063323357855737
tfidf_6,0.007019137116468965
tfidf_1001,0.007012792483222934
tfidf_717,0.006997516984337934
tfidf_321,0.006990520701268724
tfidf_1484,0.006988956799499584
tfidf_1116,0.0069446744788531235
tfidf_1256,0.006923079324227556
tfidf_472,0.006893497194799596
tfidf_707,0.006871887930009152
tfidf_117,0.006807258852545402
tfidf_1445,0.0067720930547945065
tfidf_1012,0.006740944024204181
tfidf_253,0.006735604657348747
tfidf_451,0.006701833156637329
tfidf_938,0.006692086652780237
tfidf_1269,0.00669100604191208
tfidf_395,0.006689414809549283
tfidf_1139,0.006676441915175471
tfidf_999,0.006656140320192355
tfidf_121,0.006655520365310055
tfidf_1469,0.006647300578555054
tfidf_1405,0.006616789395396758
tfidf_753,0.006608966136858355
tfidf_259,0.006607697409821973
tfidf_1424,0.006602988294401113
tfidf_1063,0.00656426532039831
tfidf_919,0.006564106281651886
tfidf_92,0.006561383351267321
tfidf_705,0.006558947768833394
tfidf_1136,0.006548508430140828
tfidf_983,0.006517181248092133
tfidf_974,0.006515789084732116
tfidf_1466,0.00649526379172633
tfidf_1163,0.006482979043836163
tfidf_10,0.006468559778215118
tfidf_885,0.006443901192507428
tfidf_676,0.006443833987516835
tfidf_449,0.00644094739233103
tfidf_153,0.00635755979635983
tfidf_1056,0.006336326676522435
tfidf_703,0.006316736983102006
tfidf_1165,0.006301146004292407
tfidf_1276,0.006296865640726448
tfidf_390,0.0062815310051245726
tfidf_412,0.006276469631537285
tfidf_110,0.0062735645882920615
tfidf_1198,0.006251459422429344
tfidf_599,0.0062502918278806285
tfidf_460,0.00624776675591564
tfidf_427,0.006243223032600855
tfidf_1081,0.00621534784285339
tfidf_112,0.0062044044438677925
tfidf_315,0.006175142952825351
tfidf_249,0.006148948410438698
tfidf_420,0.006122883494942271
tfidf_308,0.006119443833991022
tfidf_1422,0.0060807363652360495
tfidf_818,0.006048468831516195
tfidf_861,0.006040151775627685
tfidf_747,0.00603776269506825
tfidf_160,0.006032338619922487
tfidf_19,0.006030346913670109
tfidf_1207,0.005947757534182323
tfidf_809,0.005944619719604733
tfidf_1344,0.005932604572145524
tfidf_745,0.005923521352411244
tfidf_791,0.005911065016991123
tfidf_875,0.005905167922068042
tfidf_764,0.005863646901313275
tfidf_869,0.005860685754544747
tfidf_1414,0.00585636087160858
tfidf_913,0.005834610417356928
tfidf_642,0.005834114953845206
tfidf_1356,0.005808076192589048
tfidf_852,0.005769845748553699
tfidf_1105,0.005754980579915078
tfidf_926,0.00574143865507574
tfidf_923,0.005735013853703264
tfidf_901,0.005720327994119074
tfidf_1008,0.005673035598685605
tfidf_454,0.005656666036073038
tfidf_1319,0.005617559004561266
tfidf_737,0.005615442274259915
tfidf_661,0.005611443780882826
tfidf_1040,0.005610148783340891
tfidf_219,0.005583409740663731
tfidf_305,0.005578686464256059
tfidf_942,0.005533313830482091
tfidf_1244,0.00552910078176741
tfidf_175,0.005476752397083968
tfidf_842,0.005447328303693709
tfidf_624,0.00544096065248575
tfidf_349,0.005429718939368472
tfidf_908,0.005407792737389909
tfidf_1413,0.00540342945292628
tfidf_120,0.005380946763302281
tfidf_499,0.005358205734500052
tfidf_928,0.005357658166316929
tfidf_396,0.005352444876202751
tfidf_867,0.005341965970484945
tfidf_438,0.005337295450768335
tfidf_726,0.005320678387201795
tfidf_168,0.005320667229094698
tfidf_889,0.005314949334498165
tfidf_316,0.00531184727162501
tfidf_904,0.00530528297166063
tfidf_568,0.005304533276679627
tfidf_119,0.005299561029305028
tfidf_888,0.005296216668993038
tfidf_524,0.005285910100187141
tfidf_0,0.005266631503456003
tfidf_944,0.005266037601567713
tfidf_1078,0.005263860141469171
tfidf_1311,0.005251789179236171
tfidf_1047,0.0052444070947266
tfidf_1410,0.005212711064891302
tfidf_458,0.005208466633801968
tfidf_762,0.0051698945357064666
tfidf_750,0.0051646453262790566
tfidf_1402,0.005158726032034066
tfidf_373,0.005143814625782094
tfidf_512,0.0051282067434787896
tfidf_399,0.005125981491017904
tfidf_204,0.005088993587255015
tfidf_385,0.00508579626577404
tfidf_755,0.005074556317484142
tfidf_578,0.00507395801074394
tfidf_1496,0.005055834272029566
tfidf_740,0.00503997485859562
tfidf_612,0.005038887404053993
tfidf_85,0.00503427864511544
tfidf_379,0.0050337606998443534
tfidf_1032,0.005025109312218527
tfidf_865,0.005022204531131902
tfidf_982,0.005005972443758986
tfidf_1111,0.005003441915012106
tfidf_1376,0.0049991231451408415
tfidf_255,0.004950296074765561
tfidf_320,0.004947762999384648
tfidf_279,0.004947024085590726
tfidf_927,0.004936518951303623
tfidf_165,0.0049285461032948725
tfidf_474,0.004926063753397865
tfidf_13,0.004923036386546957
tfidf_1074,0.004915897877148373
tfidf_311,0.004912096216608664
tfidf_840,0.004911393402970053
tfidf_312,0.004909527551594951
tfidf_620,0.004906605421175721
tfidf_1354,0.004902104916209169
tfidf_839,0.004901325250376973
tfidf_1137,0.004893941576629887
tfidf_167,0.004892294909648519
tfidf_50,0.004891996108725253
tfidf_1173,0.004888772719092011
tfidf_2,0.004882351319051353
tfidf_473,0.004874731834245105
tfidf_905,0.004870467935838658
tfidf_1180,0.004844105522687577
tfidf_585,0.004840022276729101
tfidf_207,0.004833855610259503
tfidf_123,0.004820488601588017
tfidf_304,0.004819214249406188
tfidf_1000,0.00479348528754311
tfidf_660,0.00478548608583689
tfidf_780,0.0047793727805565496
tfidf_959,0.004765440230351267
tfidf_957,0.004755073137933538
tfidf_406,0.004747771689056169
tfidf_577,0.004745151278297521
tfidf_133,0.0047373856528499965
tfidf_1211,0.004700912903094785
tfidf_56,0.00467994162032917
tfidf_1385,0.004677838095576479
tfidf_235,0.004674565314297536
tfidf_80,0.004660808759390162
tfidf_849,0.004653418287322332
tfidf_688,0.004642746170264488
tfidf_339,0.004641686403553582
tfidf_222,0.0046317029973287314
tfidf_570,0.0046248573930736244
tfidf_286,0.004618981465618346
tfidf_342,0.004611570651906455
tfidf_1110,0.004611499822911817
tfidf_694,0.004609669121033384
tfidf_937,0.004608147850801606
tfidf_1368,0.00460448603409561
tfidf_895,0.004602942798338633
tfidf_1257,0.004587092658898723
tfidf_127,0.0045847326754638006
tfidf_678,0.00458232936184022
tfidf_209,0.004576310660479254
tfidf_1347,0.00457280628189593
tfidf_1489,0.004570546132782391
tfidf_290,0.004564718904429343
tfidf_292,0.004546986617367627
tfidf_876,0.004546617302499719
tfidf_559,0.00454285277527967
tfidf_1224,0.004540561432232238
tfidf_1251,0.004535161264295439
tfidf_754,0.004533764879934172
tfidf_130,0.004530687736752935
tfidf_383,0.004507271967356255
tfidf_520,0.004498747615964398
tfidf_561,0.004496853121583658
tfidf_986,0.004494838884211607
tfidf_878,0.004486805345450406
tfidf_1158,0.004486765036754327
tfidf_1375,0.004486557458629077
tfidf_433,0.00448398653217094
tfidf_1321,0.004468754913788957
tfidf_88,0.004454059824345751
tfidf_250,0.00445360303948578
tfidf_310,0.004442223139858445
tfidf_1201,0.004440235773868063
tfidf_1068,0.004433824841572993
tfidf_189,0.004427683468478789
tfidf_1367,0.004417192924356088
tfidf_1492,0.004407477383623291
tfidf_126,0.004394979516700442
tfidf_562,0.004375481357559895
tfidf_111,0.00436429659154735
tfidf_415,0.0043604219827095714
tfidf_953,0.00434227479854753
tfidf_730,0.00434068804360344
tfidf_1104,0.004338819662709106
tfidf_1481,0.004330146931380463
tfidf_254,0.0043137695768659355
tfidf_73,0.0043099933879945035
tfidf_1308,0.004303662429063419
tfidf_224,0.004302239651782695
tfidf_1330,0.004278099367815575
tfidf_1352,0.0042708426952841605
tfidf_1270,0.004260768843656824
tfidf_1117,0.004257555304862024
tfidf_1041,0.004253385504197029
tfidf_1360,0.004250359392946588
tfidf_22,0.004249153576784497
tfidf_83,0.004245070143819824
tfidf_469,0.0042428254356101595
tfidf_67,0.004238743125121731
tfidf_191,0.0042344659828214126
tfidf_601,0.00422948911420484
tfidf_1363,0.004221090036265079
tfidf_779,0.004211740461037823
tfidf_159,0.004204498839184333
tfidf_1048,0.004202028643950218
tfidf_814,0.0042010643091215626
tfidf_695,0.004189010972762326
tfidf_1403,0.004167527214064725
tfidf_523,0.004167205343404812
tfidf_1022,0.004163762329922696
tfidf_912,0.004158408220898165
tfidf_190,0.004140821856461025
tfidf_1456,0.004136288009662607
tfidf_181,0.004134486127881943
tfidf_1306,0.004126204236771746
tfidf_327,0.0041216161097155255
tfidf_74,0.004114891075569919
tfidf_914,0.004111062108954573
tfidf_1294,0.004106797836274437
tfidf_527,0.004096618716686519
tfidf_606,0.004084742266662671
tfidf_990,0.004069310591529465
tfidf_244,0.004063014104479511
tfidf_531,0.004062031288799705
tfidf_1277,0.004049412607788288
tfidf_828,0.004048014927682526
tfidf_722,0.0040471419609652065
tfidf_1212,0.004046373502151174
tfidf_1027,0.0040353208366900855
tfidf_1171,0.004025178551454471
tfidf_698,0.004023271642592468
tfidf_447,0.004003342956378422
tfidf_664,0.004001352223471125
tfidf_544,0.004000045515392733
tfidf_778,0.003998638415313716
tfidf_444,0.00399394464590599
tfidf_1075,0.003993689161740684
tfidf_670,0.003977958484171072
tfidf_1016,0.0039712053552202
tfidf_538,0.003966363411387726
tfidf_1043,0.003961247859157332
tfidf_115,0.003944116415665888
tfidf_857,0.003936653573832276
tfidf_734,0.0039360039336085945
tfidf_584,0.003927766813875421
tfidf_558,0.003925016113113141
tfidf_685,0.003918988546158564
tfidf_657,0.0039044074650911092
tfidf_690,0.0038833907816227344
tfidf_1357,0.0038789410789438206
tfidf_501,0.0038763744478917442
tfidf_1262,0.003867311940308937
tfidf_710,0.0038617855010935204
tfidf_245,0.003858261792490353
tfidf_229,0.0038578996284495096
tfidf_1382,0.003855678778851454
tfidf_210,0.003853668552927023
tfidf_1436,0.0038503533557697925
tfidf_823,0.0038495236130693467
tfidf_1377,0.0038418089956347157
tfidf_1346,0.0038413266905380533
tfidf_1193,0.0038411930815935146
tfidf_1083,0.003841088248388096
tfidf_21,0.0038401866606929927
tfidf_968,0.0038116050278271837
tfidf_422,0.00380752733757371
tfidf_5,0.0038065162869475805
tfidf_38,0.0038021421214088666
tfidf_151,0.0038005914743196234
tfidf_1025,0.003785854749685796
tfidf_556,0.0037800722571512888
tfidf_1140,0.0037645048494087258
tfidf_832,0.003762999129815336
tfidf_941,0.0037612545132021747
tfidf_136,0.0037574270212807903
tfidf_1439,0.0037542932649079893
tfidf_1079,0.003752972077643351
tfidf_602,0.003752534002171483
tfidf_1167,0.0037459680190240294
tfidf_508,0.003741279360884714
tfidf_1133,0.003728876186668028
tfidf_1234,0.0037272681149787684
tfidf_1189,0.0037198774821612015
tfidf_596,0.003716657682724585
tfidf_639,0.0037144874820933
tfidf_1392,0.0037110499936632737
tfidf_215,0.0037110293528600075
tfidf_514,0.003697876118662311
tfidf_25,0.00368711954349428
tfidf_654,0.0036838559217734967
tfidf_220,0.0036818692493732633
tfidf_1298,0.003681219859994275
tfidf_267,0.003675055855607061
tfidf_238,0.003671302252394386
tfidf_343,0.003647025114653739
tfidf_1214,0.003646010340661585
tfidf_860,0.0036454048940385703
tfidf_616,0.0036447610226504165
tfidf_170,0.003641861864369441
tfidf_1228,0.0036299803268146666
tfidf_539,0.0036298110083241636
tfidf_260,0.0036200643526226703
tfidf_1091,0.0036191887811441955
tfidf_1295,0.0036177951208366
tfidf_1258,0.0036122198728336307
tfidf_551,0.00360614678101893
tfidf_1325,0.0036025440829741745
tfidf_1476,0.0036024536326627163
tfidf_174,0.003597995697874609
tfidf_632,0.003595873971123769
tfidf_225,0.0035899259464389505
tfidf_948,0.0035727032984252693
tfidf_843,0.0035667870799895992
tfidf_1205,0.0035657529341997693
tfidf_430,0.0035622362390975945
tfidf_1023,0.0035605975901863906
tfidf_1253,0.0035413194481226703
tfidf_952,0.003535430666302743
tfidf_1416,0.003528396342529403
tfidf_826,0.003525153260787452
tfidf_686,0.0035243432692097032
tfidf_1455,0.0035220292605436334
tfidf_1454,0.003514746909841641
tfidf_1304,0.003513780815662106
tfidf_1150,0.0035133577266599336
tfidf_63,0.003513209304461579
tfidf_66,0.003510246198549902
tfidf_1036,0.0034991265884437442
tfidf_1232,0.003491625744770202
tfidf_262,0.0034875753998726902
tfidf_1307,0.003473831825709815
tfidf_277,0.0034718861401150836
tfidf_1340,0.0034556876463216154
tfidf_1179,0.0034507383895968037
tfidf_293,0.003449721233349029
tfidf_60,0.00344576759244884
tfidf_1151,0.003441999424820563
tfidf_424,0.003439011964699228
tfidf_1371,0.0034380102566633226
tfidf_1114,0.0034236328146552784
tfidf_348,0.0034189654516664585
tfidf_1458,0.0034182052509497706
tfidf_15,0.0034163813711039883
tfidf_27,0.0034120261821897536
tfidf_824,0.0034094642225813597
tfidf_633,0.0034067105614794006
tfidf_61,0.003405790718099886
tfidf_366,0.003402631630630768
tfidf_46,0.003401326371462399
tfidf_446,0.003400555981111141
tfidf_173,0.0033996178988824183
tfidf_1124,0.0033977804737090633
tfidf_326,0.003397615879145067
tfidf_263,0.003396399971549458
tfidf_816,0.0033854755560454486
tfidf_641,0.003384930286260332
tfidf_205,0.0033804758340730736
tfidf_236,0.00337907567014324
tfidf_989,0.0033759542383193586
tfidf_107,0.003374783846390001
tfidf_337,0.003374701780132829
tfidf_765,0.00336778537197075
tfidf_1143,0.0033642349758674236
tfidf_1474,0.00336323494786934
tfidf_179,0.0033551570828474625
tfidf_672,0.0033473786280688676
tfidf_489,0.003338255237624377
tfidf_759,0.003337841076006016
tfidf_1288,0.003332845623075242
tfidf_33,0.003328811794732053
tfidf_1442,0.003326661968941263
tfidf_859,0.0033222135619816375
tfidf_322,0.00329461371813542
tfidf_363,0.0032905190892757244
tfidf_48,0.0032894975787673814
tfidf_1188,0.003287906979448415
tfidf_626,0.0032812953556607856
tfidf_1073,0.0032779451773730637
tfidf_996,0.0032646547509604623
tfidf_1014,0.0032598114164526094
tfidf_1030,0.003254577664751305
tfidf_1233,0.0032459466888104587
tfidf_303,0.00323790187169841
tfidf_448,0.0032372644973269575
tfidf_227,0.0032361927212546963
tfidf_1267,0.003229537637763189
tfidf_410,0.0032279816426546816
tfidf_124,0.0032269172312846183
tfidf_933,0.003225709266331805
tfidf_1318,0.0032157891365619884
tfidf_749,0.003212160272624836
tfidf_1132,0.0032119862299909686
tfidf_213,0.003210090579066888
tfidf_892,0.003207801291313865
tfidf_273,0.003205115401154068
tfidf_1005,0.003193212708595846
tfidf_239,0.003184948379520785
tfidf_49,0.0031849106476953062
tfidf_960,0.003184389914876123
tfidf_1305,0.003177667130933712
tfidf_419,0.003176331513892261
tfidf_282,0.0031652462503224408
tfidf_36,0.0031570215134624083
tfidf_1463,0.003142777563349308
tfidf_1373,0.003139271236440271
tfidf_505,0.003137532236858951
tfidf_911,0.0031339628564016533
tfidf_1431,0.0031337133301044843
tfidf_1192,0.0031328109137942297
tfidf_252,0.0031261847234498
tfidf_946,0.003122220304332466
tfidf_1011,0.003121661840755854
tfidf_269,0.00312101770195416
tfidf_141,0.0031184464199819134
tfidf_98,0.0031176475921653197
tfidf_1248,0.0031168567475529864
tfidf_623,0.0031141094275274326
tfidf_891,0.0031129441542807794
tfidf_77,0.0031121807285015924
tfidf_597,0.0031096792825484145
tfidf_1239,0.0030992335929725476
tfidf_1071,0.003092691543814354
tfidf_1464,0.0030822189717613106
tfidf_1100,0.0030796308412191758
tfidf_352,0.0030781944390763085
tfidf_760,0.003077484109869965
tfidf_134,0.0030767771715370434
tfidf_1123,0.003075814881111274
tfidf_546,0.003074784929038619
tfidf_835,0.0030666356901646596
tfidf_51,0.0030624649546625465
tfidf_837,0.0030622955105210395
tfidf_519,0.003060458458382253
tfidf_162,0.0030599058422366163
tfidf_1231,0.003059453034189358
tfidf_906,0.0030590781582890947
tfidf_571,0.0030563155336706437
tfidf_1065,0.003054644181757827
tfidf_1039,0.0030491908372187967
tfidf_866,0.0030439659941793474
tfidf_592,0.0030434651188940335
tfidf_1296,0.0030422178226304415
tfidf_248,0.0030408646464997065
tfidf_297,0.003040332176003767
tfidf_526,0.0030315010376984
tfidf_609,0.003026756537185394
tfidf_511,0.00302536301094287
tfidf_1353,0.003024021961200484
tfidf_70,0.0030211514996595383
tfidf_323,0.0030201615992162868
tfidf_135,0.0030191081772454973
tfidf_32,0.003010307398149874
tfidf_1088,0.0030039572322296993
tfidf_96,0.0029987303201422346
tfidf_1310,0.0029938996038252844
tfidf_1135,0.002987275275559667
tfidf_1066,0.002978691805884522
tfidf_409,0.002962761319527601
tfidf_1297,0.0029569005106066405
tfidf_1374,0.002956287458419594
tfidf_274,0.002948488842160165
tfidf_1204,0.0029478600356649424
tfidf_114,0.0029455468411895905
tfidf_1488,0.0029444160568666057
tfidf_899,0.002942346339717221
tfidf_976,0.002936223134711062
tfidf_154,0.0029348509501939315
tfidf_1227,0.0029251445292276168
tfidf_1341,0.002921035662150665
tfidf_461,0.002920207265306126
tfidf_402,0.0029143786936841175
tfidf_515,0.0029142576340561006
tfidf_506,0.0029142185048847556
tfidf_991,0.0029137406453399015
tfidf_1072,0.0029101234330313874
tfidf_790,0.0029063100044473163
tfidf_432,0.0029061871096006868
tfidf_371,0.0029050384585324347
tfidf_864,0.0029012955886648685
tfidf_1411,0.0028993531812856782
tfidf_881,0.00288922872417864
tfidf_591,0.002885503173811587
tfidf_200,0.002872760114082198
tfidf_428,0.0028700702811472883
tfidf_1020,0.0028683023433767633
tfidf_962,0.002867734712148111
tfidf_1067,0.002864881296311581
tfidf_140,0.002851082261512017
tfidf_702,0.0028485129086144546
tfidf_877,0.0028465836980284113
tfidf_1128,0.0028426401133058187
tfidf_1486,0.0028288320567841302
tfidf_964,0.002826701974217052
tfidf_288,0.002822930878641076
tfidf_800,0.0028148205861144252
tfidf_935,0.0028116586589910664
tfidf_59,0.002807231326355742
tfidf_1283,0.002803130861225943
tfidf_636,0.0028030324607032243
tfidf_365,0.002797567880038851
tfidf_553,0.002797549542564664
tfidf_503,0.0027970261483757394
tfidf_910,0.002793477111769129
tfidf_1460,0.002785551110364937
tfidf_1446,0.0027793865834187447
tfidf_1348,0.0027791432124374235
tfidf_969,0.0027764224038007365
tfidf_564,0.0027733816392095855
tfidf_1002,0.0027662395655042274
tfidf_569,0.0027659565416890647
tfidf_653,0.002765505170410886
tfidf_45,0.0027571179030624524
tfidf_182,0.0027491551259539388
tfidf_384,0.002745249124525665
tfidf_590,0.002744893517365189
tfidf_1490,0.0027442240709113037
tfidf_566,0.0027420214705126296
tfidf_171,0.0027387227034596714
tfidf_1324,0.00273414283200622
tfidf_445,0.0027331782519766446
tfidf_611,0.002731913341201091
tfidf_613,0.0027250462730084354
tfidf_776,0.0027248529391558115
tfidf_1160,0.0027145898370331215
tfidf_1245,0.0027116358887087385
tfidf_652,0.002711043565461968
tfidf_491,0.002710774130508811
tfidf_1497,0.002702973287826452
tfidf_1401,0.002700244516412276
tfidf_1448,0.0026997745664445382
tfidf_521,0.0026986788513590704
tfidf_330,0.0026914021912652214
tfidf_82,0.0026885217309445698
tfidf_1293,0.0026776119659570655
tfidf_855,0.0026711215380480903
tfidf_658,0.0026620024061262573
tfidf_261,0.0026584150775776296
tfidf_931,0.002656968412123402
tfidf_1301,0.0026514184776041446
tfidf_572,0.0026492452884000917
tfidf_543,0.0026462781825795385
tfidf_918,0.002644788451965417
tfidf_1029,0.0026441548779424246
tfidf_391,0.002642885221725495
tfidf_429,0.0026405898530083355
tfidf_838,0.0026405051572909546
tfidf_369,0.0026372728924420313
tfidf_1108,0.0026350847140114595
tfidf_833,0.0026260786081926638
tfidf_1166,0.0026250595505870385
tfidf_1003,0.0026250273180623176
tfidf_916,0.002621523386537966
tfidf_723,0.0026072023862210797
tfidf_1309,0.0026039123653451082
tfidf_615,0.002600590235042849
tfidf_417,0.0025989182208295504
tfidf_375,0.002597078397490051
tfidf_939,0.0025900419004892834
tfidf_1084,0.002584747142650335
tfidf_306,0.002581043387773302
tfidf_492,0.002575704638342393
tfidf_294,0.0025745774501373755
tfidf_583,0.0025720275199497588
tfidf_709,0.0025688330732799502
tfidf_848,0.0025639740421075394
tfidf_655,0.002555478713407023
tfidf_1154,0.002547542965792984
tfidf_1044,0.0025422576224130734
tfidf_1006,0.0025398481665669485
tfidf_251,0.0025386443100827256
tfidf_387,0.002537945837743777
tfidf_1213,0.0025361489492739826
tfidf_522,0.002530946483447911
tfidf_886,0.0025284133418573894
tfidf_104,0.0025261128868179724
tfidf_770,0.0025155455034395658
tfidf_331,0.0025095550170694185
tfidf_706,0.002507309854432359
tfidf_1238,0.0025070295626863403
tfidf_638,0.0025060905432464967
tfidf_1383,0.002504003473505797
tfidf_493,0.002496210680716368
tfidf_1444,0.0024933487888374704
tfidf_617,0.0024926303198599615
tfidf_23,0.002491362366849438
tfidf_1372,0.00249007045736711
tfidf_1080,0.0024880628123181334
tfidf_196,0.0024835377880899397
tfidf_313,0.0024826163066680195
tfidf_744,0.0024782718762998996
tfidf_302,0.0024766975896374126
tfidf_1451,0.0024740727777994675
tfidf_853,0.002473574886173556
tfidf_465,0.0024698024452609185
tfidf_1286,0.0024659139441396585
tfidf_169,0.002465311012978023
tfidf_345,0.0024593561653503
tfidf_851,0.0024508707711761884
tfidf_1210,0.002450407582260071
tfidf_381,0.002446492576260822
tfidf_389,0.0024416970362924817
tfidf_367,0.002437300901697434
tfidf_1046,0.002433496528225429
tfidf_757,0.00243168009480081
tfidf_1399,0.002427624067828696
tfidf_784,0.0024252979315647757
tfidf_164,0.0024227600192518453
tfidf_593,0.002422287561611364
tfidf_462,0.0024202928383701746
tfidf_1482,0.002420219853354867
tfidf_341,0.002420020610492823
tfidf_394,0.002415298683575895
tfidf_496,0.002415133114068343
tfidf_1017,0.0024132279287345
tfidf_1184,0.002407427305218845
tfidf_150,0.0024066922177974465
tfidf_992,0.002405960289331666
tfidf_766,0.002404949408681088
tfidf_69,0.0024032286100597895
tfidf_1380,0.0023884132657412565
tfidf_1279,0.0023858961695478733
tfidf_1338,0.002381695950482872
tfidf_241,0.0023783359809492807
tfidf_440,0.0023736257427287365
tfidf_797,0.0023719159554241812
tfidf_567,0.0023663639791592873
tfidf_1055,0.0023615304259891074
tfidf_1169,0.002359454652523182
tfidf_353,0.0023573313332375437
tfidf_977,0.0023533532156027183
tfidf_719,0.002352682924624561
tfidf_100,0.0023509245247891647
tfidf_443,0.002349006647586285
tfidf_1462,0.0023488686997259725
tfidf_1409,0.0023474576715364205
tfidf_1089,0.002345488283212405
tfidf_39,0.002343454426296819
tfidf_280,0.002337576107169203
tfidf_1317,0.0023365412874733257
tfidf_635,0.002335003992045841
tfidf_94,0.002331807277343864
tfidf_741,0.002331082957096102
tfidf_1387,0.0023255105994187783
tfidf_718,0.002321445129931812
tfidf_356,0.002317629202559331
tfidf_786,0.0023159613952607903
tfidf_1314,0.0023147201569689974
tfidf_673,0.002314525451288626
tfidf_1335,0.002308001801729038
tfidf_872,0.002301085057797348
tfidf_1299,0.0022982321245288355
tfidf_675,0.0022970624578311774
tfidf_554,0.0022876928136109837
tfidf_1070,0.0022870355245753833
tfidf_1364,0.002272460408314422
tfidf_1181,0.0022724015680671865
tfidf_1389,0.002271608770614669
tfidf_166,0.002268958301681361
tfidf_1407,0.002267340246293838
tfidf_463,0.0022642527808825457
tfidf_804,0.002262836725747045
tfidf_1393,0.0022624751465585165
tfidf_423,0.002261718810449035
tfidf_55,0.002260026987275565
tfidf_966,0.00225942747442827
tfidf_1142,0.0022552468425564706
tfidf_468,0.002250498538688814
tfidf_407,0.0022453862470337544
tfidf_1217,0.0022446010598727428
tfidf_1260,0.00224221840416125
tfidf_720,0.0022418394298905054
tfidf_1379,0.0022389829988519747
tfidf_425,0.0022340711784745665
tfidf_607,0.0022336789333013804
tfidf_1019,0.0022285958088296095
tfidf_528,0.0022199541865745025
tfidf_289,0.0022199109986066365
tfidf_42,0.0022154192322579817
tfidf_1172,0.002215201329497562
tfidf_1033,0.0022073147725777792
tfidf_232,0.002206746492395965
tfidf_101,0.0022027977486876846
tfidf_1061,0.0022021976948124085
tfidf_1101,0.0022010535002735306
tfidf_466,0.0021959736390653388
tfidf_1381,0.0021923648688428493
tfidf_775,0.00219153025333234
tfidf_147,0.0021913409161442594
tfidf_907,0.0021864944145671295
tfidf_1093,0.002183002522119586
tfidf_1264,0.002176210987606774
tfidf_1094,0.002176156458754663
tfidf_457,0.002174619725755537
tfidf_1134,0.0021724693357548725
tfidf_1408,0.0021633000803394672
tfidf_1178,0.0021629804991807077
tfidf_1203,0.0021621007073277937
tfidf_223,0.002160091924187372
tfidf_979,0.0021535428854060675
tfidf_595,0.002151256164608076
tfidf_188,0.002149139943336379
tfidf_1042,0.0021433844395984574
tfidf_1004,0.002139641396853525
tfidf_431,0.0021320877750225045
tfidf_1280,0.002131937073815251
tfidf_257,0.002129601936304858
tfidf_586,0.0021292044773671744
tfidf_275,0.002128321203874361
tfidf_278,0.0021270001583808423
tfidf_285,0.0021248619953612774
tfidf_1395,0.0021200984599711752
tfidf_547,0.0021197197962056448
tfidf_871,0.0021194343662072307
tfidf_354,0.002103434160913114
tfidf_52,0.0020984805605039326
tfidf_1021,0.0020951433550558045
tfidf_708,0.0020948627523973487
tfidf_397,0.002090405923607398
tfidf_295,0.0020804567363665134
tfidf_900,0.00207974546618923
tfidf_374,0.002078027284505882
tfidf_1287,0.0020740137836693976
tfidf_405,0.0020738389505497935
tfidf_782,0.002072258681598998
tfidf_180,0.0020674364952365486
tfidf_1278,0.0020663333473597265
tfidf_890,0.002066131922023097
tfidf_783,0.002061546311991699
tfidf_1303,0.0020570505702710313
tfidf_981,0.0020569500628857987
tfidf_40,0.0020568997542649028
tfidf_1090,0.0020532666451534114
tfidf_1202,0.0020502199904217206
tfidf_589,0.0020447285685224023
tfidf_930,0.002041827951418927
tfidf_689,0.002036280702173241
tfidf_696,0.0020308630785033314
tfidf_231,0.0020223908267022785
tfidf_920,0.0020193927009860514
tfidf_1429,0.002012784146936781
tfidf_1149,0.0020117185157896597
tfidf_71,0.002011385719464553
tfidf_540,0.002009747224018291
tfidf_478,0.002004435517649557
tfidf_221,0.0020042358307623014
tfidf_711,0.002000605910618793
tfidf_1106,0.0019980990559245676
tfidf_1164,0.0019944868543414354
tfidf_131,0.0019929041732572885
tfidf_214,0.0019850453560228175
tfidf_258,0.001984583929869532
tfidf_845,0.001973456315876599
tfidf_1438,0.0019721117347830256
tfidf_14,0.00196922197310895
tfidf_563,0.0019640904060731997
tfidf_411,0.0019581774609759004
tfidf_125,0.001952295579791822
tfidf_351,0.0019517676368260182
tfidf_1098,0.0019482367351452477
tfidf_1031,0.0019466941055841802
tfidf_581,0.0019428774164223922
tfidf_156,0.001938147463930309
tfidf_86,0.001937310989777225
tfidf_978,0.0019345423131567866
tfidf_426,0.001933604555645883
tfidf_806,0.0019307801709269315
tfidf_1155,0.0019299043616684756
tfidf_287,0.0019235016810306034
tfidf_1174,0.0019228741039288735
tfidf_743,0.0019190376183124533
tfidf_325,0.0019185902686989424
tfidf_811,0.0019182435757324262
tfidf_603,0.0019175068127202282
tfidf_1312,0.001910030495358998
tfidf_1291,0.0019062578175251834
tfidf_798,0.0019045431800473853
tfidf_820,0.0019038582338204236
tfidf_915,0.0019029968329623906
tfidf_699,0.0018977279720699724
tfidf_487,0.0018971828723969495
tfidf_105,0.001896819869314143
tfidf_31,0.0018894962067727882
tfidf_898,0.0018893369609348995
tfidf_476,0.001882521414476375
tfidf_78,0.0018782393990767437
tfidf_610,0.0018738610845082456
tfidf_882,0.001873077127298254
tfidf_1225,0.0018719601146047224
tfidf_1195,0.0018693031466028769
tfidf_347,0.0018689874456721085
tfidf_41,0.0018642431065671085
tfidf_1182,0.0018589085036390261
tfidf_819,0.0018526776186773817
tfidf_187,0.0018514621313624202
tfidf_1336,0.001851274537476179
tfidf_846,0.0018447992698419039
tfidf_850,0.0018447370855437248
tfidf_868,0.0018383389498058276
tfidf_822,0.0018355535395542045
tfidf_792,0.001835410975271056
tfidf_552,0.0018292268139386743
tfidf_413,0.0018227498716686678
tfidf_393,0.0018130575980801933
tfidf_1493,0.0018092245257569685
tfidf_1057,0.0018057845115059196
tfidf_1351,0.0018037791879514649
tfidf_629,0.0018034817339642932
tfidf_1421,0.0017995084521073698
tfidf_1177,0.0017991222548153986
tfidf_441,0.0017953920363003282
tfidf_1263,0.0017943889438097372
tfidf_1103,0.00179435965465236
tfidf_16,0.0017927540463891928
tfidf_233,0.0017867689131883153
tfidf_1241,0.0017794056474199269
tfidf_955,0.0017790194221881264
tfidf_934,0.0017784879781201257
tfidf_1477,0.001777268396868946
tfidf_1120,0.001777111272868448
tfidf_810,0.0017753159179258891
tfidf_388,0.0017695222688116382
tfidf_924,0.0017687921783419856
tfidf_647,0.0017646485937477445
tfidf_1452,0.001763892039922137
tfidf_1345,0.001755352513901944
tfidf_482,0.0017553210514612083
tfidf_662,0.0017535887093380687
tfidf_943,0.0017525829334271148
tfidf_1218,0.0017507791210904496
tfidf_498,0.001748609052647791
tfidf_216,0.001745300866540007
tfidf_246,0.001739417352957166
tfidf_728,0.0017390739371067182
tfidf_1440,0.0017345055701658146
tfidf_1122,0.0017331390694011709
tfidf_137,0.001730879962162434
tfidf_271,0.00173046340530426
tfidf_856,0.001724811168847881
tfidf_805,0.00172257523173593
tfidf_1099,0.0017211559096381147
tfidf_1095,0.001720758195308617
tfidf_651,0.0017196832237326366
tfidf_7,0.001715167108482406
tfidf_909,0.0017130002949105798
tfidf_1097,0.0017094325576958976
tfidf_1323,0.0017041856063722022
tfidf_650,0.0017002516726688543
tfidf_1131,0.0016996805661586899
tfidf_951,0.0016880822043626976
tfidf_954,0.0016836475276391066
tfidf_129,0.001680029325485673
tfidf_1313,0.0016700901822813345
tfidf_956,0.0016651617769805134
tfidf_627,0.001663010702656761
tfidf_1243,0.0016629941937884526
tfidf_921,0.0016629078194682926
tfidf_545,0.0016629048097838593
tfidf_1146,0.0016597129169551414
tfidf_212,0.001656432866259141
tfidf_500,0.0016540471558629383
tfidf_738,0.0016498907871319898
tfidf_1062,0.0016416308319312986
tfidf_198,0.0016392349643744482
tfidf_785,0.001638681053437342
tfidf_680,0.001636927286852119
tfidf_1499,0.0016350699844462314
tfidf_973,0.0016334119483670244
tfidf_793,0.0016328924059850478
tfidf_756,0.0016308580709498723
tfidf_713,0.0016300340197491871
tfidf_368,0.0016242940878532493
tfidf_1222,0.0016197064235904458
tfidf_416,0.001613493387791046
tfidf_812,0.001612577455075701
tfidf_1427,0.0016044122558798036
tfidf_1337,0.0016039306552248559
tfidf_172,0.0016033091869561398
tfidf_228,0.0016008167260460797
tfidf_751,0.0015981236378436378
tfidf_746,0.0015955642221710399
tfidf_218,0.0015947723121380805
tfidf_109,0.001593514484290771
tfidf_1315,0.0015888740827453068
tfidf_1059,0.0015780044927301232
tfidf_436,0.0015726674281390232
tfidf_1333,0.00157145624765378
tfidf_450,0.001570260810127393
tfidf_1176,0.0015598319164224163
tfidf_1216,0.0015597465740320362
tfidf_1209,0.001559473486053171
tfidf_1428,0.0015568471498135109
tfidf_1339,0.001553019520500272
tfidf_725,0.001552088331194529
tfidf_1159,0.001550129836806204
tfidf_467,0.0015493805447746602
tfidf_831,0.0015444885841140188
tfidf_1194,0.0015394911770662896
tfidf_830,0.0015330999902377152
tfidf_748,0.0015327200701258448
tfidf_1369,0.001531195913750516
tfidf_929,0.0015296407574673153
tfidf_1461,0.0015234298609603603
tfidf_1215,0.0015231528027030443
tfidf_614,0.0015211800092303045
tfidf_495,0.0015155703908144033
tfidf_1465,0.001515119466164958
tfidf_645,0.0015096249618733904
tfidf_194,0.0015080347905271178
tfidf_922,0.0015072901673143517
tfidf_8,0.001500252051325447
tfidf_17,0.0014994496453085105
tfidf_57,0.0014969978801277232
tfidf_1007,0.0014909022302535904
tfidf_1406,0.0014871643922322543
tfidf_1121,0.0014836848609166668
tfidf_985,0.0014829499031427762
tfidf_1494,0.00147598395919656
tfidf_1423,0.0014729989105643658
tfidf_1054,0.0014708277067108113
tfidf_291,0.0014678382266507825
tfidf_970,0.0014643990602480794
tfidf_560,0.0014613883090802567
tfidf_1479,0.0014593083983173592
tfidf_1300,0.001459275431885272
tfidf_477,0.0014579591009979665
tfidf_1053,0.001456621551425596
tfidf_299,0.0014551893231914699
tfidf_549,0.0014515032067200081
tfidf_1415,0.0014496940143832041
tfidf_693,0.0014492762729276625
tfidf_1096,0.0014414791022182084
tfidf_622,0.0014379894591532
tfidf_801,0.001435529291830916
tfidf_142,0.001429382640399224
tfidf_400,0.0014292905019686964
tfidf_1388,0.0014272197476893123
tfidf_781,0.001426728859557921
tfidf_456,0.0014266712751183582
tfidf_504,0.0014248396106650227
tfidf_1126,0.0014235149814151712
tfidf_18,0.0014164083287496745
tfidf_270,0.001414468765021082
tfidf_72,0.0014105503735936831
tfidf_340,0.001409490724441761
tfidf_68,0.0014090527543013582
tfidf_1197,0.0014087678544967219
tfidf_742,0.001405540511410377
tfidf_1144,0.0013965584086800269
tfidf_598,0.0013963280430061072
tfidf_1086,0.001395667166141007
tfidf_649,0.0013944622213107416
tfidf_132,0.0013908802303542415
tfidf_206,0.0013893631548100715
tfidf_1129,0.0013829248475533509
tfidf_234,0.0013821709821025257
tfidf_1060,0.0013807689445323014
tfidf_324,0.0013714260629519204
tfidf_1034,0.001364676729769198
tfidf_874,0.0013644810436012412
tfidf_619,0.0013634684201659815
tfidf_1026,0.0013559300733405845
tfidf_1190,0.0013554400888067565
tfidf_731,0.0013537700218337423
tfidf_240,0.0013524745339634774
tfidf_1329,0.0013469393848418007
tfidf_902,0.0013413580667551866
tfidf_1077,0.0013328055513901224
tfidf_643,0.0013312077686570482
tfidf_1343,0.001329389768039444
tfidf_479,0.0013282248077342675
tfidf_1394,0.0013235125412272455
tfidf_301,0.001318795231466993
tfidf_1186,0.0013174661070062567
tfidf_296,0.001316446050232431
tfidf_548,0.0013164302529293911
tfidf_1196,0.001310421269870726
tfidf_1038,0.0013080475453637517
tfidf_1417,0.0013060367972779578
tfidf_490,0.0013012760484142473
tfidf_1050,0.0012924210158197131
tfidf_1418,0.0012910145051055328
tfidf_1362,0.0012869436519465345
tfidf_382,0.0012822292725855416
tfidf_984,0.001280765324939173
tfidf_439,0.0012790661509118886
tfidf_863,0.0012787995089832845
tfidf_89,0.001277968886707419
tfidf_993,0.001277676014839481
tfidf_1229,0.0012730578906582574
tfidf_774,0.001271901431221126
tfidf_317,0.0012718150217571563
tfidf_20,0.0012714976456737438
tfidf_1035,0.0012675699337205799
tfidf_1322,0.0012653831047439346
tfidf_975,0.0012625785629772168
tfidf_949,0.001257405906644139
tfidf_307,0.001254365734559734
tfidf_359,0.001253424979775011
tfidf_1015,0.0012522050395876348
tfidf_772,0.0012508382966652817
tfidf_298,0.00124787375466291
tfidf_494,0.0012436673087642498
tfidf_358,0.0012432525582929531
tfidf_1051,0.0012406594765604875
tfidf_893,0.0012402980219750248
tfidf_1358,0.0012369303258764279
tfidf_350,0.001227153040333275
tfidf_202,0.0012241646125246608
tfidf_360,0.0012218410000442168
tfidf_715,0.0012209735609322791
tfidf_192,0.001220392866479593
tfidf_1208,0.001219671401651049
tfidf_157,0.001217559525079801
tfidf_932,0.0012173808339011162
tfidf_79,0.0012168705753063166
tfidf_455,0.0012160110018882683
tfidf_525,0.0012155443837166917
tfidf_752,0.0012104325000713114
tfidf_211,0.0012098263459827986
tfidf_128,0.001203119204857636
tfidf_677,0.0012003293454129513
tfidf_1404,0.0011998429608418735
tfidf_1183,0.0011992143444573623
tfidf_729,0.0011959893325114233
tfidf_994,0.0011940024902015068
tfidf_773,0.0011913207437392547
tfidf_1024,0.0011881175805663964
tfidf_679,0.001186489068935027
tfidf_1342,0.0011792650109631129
tfidf_475,0.0011740676433010027
tfidf_1240,0.001173787127954125
tfidf_803,0.001173242132574079
tfidf_769,0.0011725110455416221
tfidf_35,0.0011678396935470882
tfidf_47,0.001165304479920381
tfidf_827,0.0011611646191441892
tfidf_1199,0.0011548017920470404
tfidf_1334,0.0011547408427939648
tfidf_555,0.0011501161143529506
tfidf_1009,0.0011460818581486487
tfidf_1109,0.0011336177637282186
tfidf_509,0.0011333397783935728
tfidf_862,0.0011327298330877954
tfidf_284,0.0011265210282938565
tfidf_712,0.0011234594183668443
tfidf_1453,0.0011213625462506355
tfidf_442,0.001115912254885198
tfidf_1107,0.001105023712521371
tfidf_917,0.001102250050579487
tfidf_1223,0.0011013576753343998
tfidf_1064,0.0010977651850337285
tfidf_925,0.0010976335690751694
tfidf_817,0.0010875915403002613
tfidf_1028,0.0010865436659886227
tfidf_184,0.0010842937477678577
tfidf_884,0.0010836639639561429
tfidf_936,0.0010818106043398315
tfidf_1331,0.001073748252492678
tfidf_481,0.0010660318662653794
tfidf_3,0.0010621831211135922
tfidf_789,0.0010568828986867798
tfidf_113,0.0010563254691950026
tfidf_825,0.0010473081826288134
tfidf_821,0.0010470220303884495
tfidf_242,0.0010469832258518828
tfidf_1246,0.0010461092711236655
tfidf_12,0.0010324678915481832
tfidf_771,0.0010286794190788422
tfidf_1148,0.0010282855532949625
tfidf_1219,0.0010271904247136424
tfidf_243,0.0010133375117102545
tfidf_464,0.001012492203554108
tfidf_1130,0.0010098877714154724
tfidf_118,0.0010059534188497942
tfidf_1471,0.0010059273335226238
tfidf_1157,0.0010016427668381464
tfidf_1365,0.0009931012411236566
tfidf_659,0.0009898545882881438
tfidf_149,0.0009873991258771788
tfidf_4,0.0009861854952939717
tfidf_75,0.0009771791249003447
tfidf_29,0.0009606499514746685
tfidf_681,0.0009467056106467059
tfidf_1069,0.0009466434626469964
tfidf_364,0.0009418421842405628
tfidf_1221,0.0009201411763378308
tfidf_37,0.0009188800484424826
tfidf_668,0.0009178937828282709
tfidf_1450,0.0009153586942209446
tfidf_1326,0.0009149528364233514
tfidf_1491,0.0009139698497029997
tfidf_1350,0.0009012002650623665
tfidf_1316,0.0008920167300168961
tfidf_1170,0.0008891327002503161
tfidf_1085,0.0008867683206525747
tfidf_1226,0.0008853838527713146
tfidf_1271,0.0008803566123385725
tfidf_161,0.0008781649476881281
tfidf_143,0.0008637355883309228
tfidf_329,0.0008509107765493925
tfidf_1390,0.0008502931055491722
tfidf_247,0.0008483205871062638
tfidf_81,0.0008472407943367746
tfidf_283,0.0008446949280266127
tfidf_963,0.0008426049417904129
tfidf_600,0.000825069134816507
tfidf_361,0.0008176566442180352
tfidf_201,0.000815759919282535
tfidf_813,0.0008141298990017384
tfidf_721,0.0008103921759002647
tfidf_392,0.0008097787409365611
tfidf_34,0.0008005815652630957
tfidf_1235,0.0007934853066907396
tfidf_573,0.0007880026019504973
tfidf_950,0.0007582612422894558
tfidf_716,0.0007388746356845541
tfidf_1206,0.0007116632768510635
tfidf_940,0.0006318077603569334
tfidf_1400,0.0006072832123090681
tfidf_116,0.0005771434856504789
noun_count,0.0
verb_count,0.0
adj_count,0.0
adv_count,0.0
